<?xml version="1.0" encoding="UTF-8"?><module>
   <id>CMM_Documento</id>
   <auto-deploy>true</auto-deploy>
   <configurations>
      
      <!-- Document Library config section -->
      <config condition="DocumentLibrary" evaluator="string-compare" replace="false">
         <aspects>
            <visible>
               <aspect label="kb:plano" name="kb:plano"/>
            </visible>
         </aspects>
         <types>
            <type name="cmiscustom:document">
               <subtype label="" name="kb:Documento"/>
            </type>
            <type name="cm:content">
               <subtype label="" name="kb:Documento"/>
            </type>
         </types>
      </config>

      <!-- Form configuration section - type -->
      <config condition="kb:Documento" evaluator="node-type">
         <forms>
            <form>
               <field-visibility>
                  <show id="cm:name"/>
                  <show for-mode="view" id="cm:created"/>
                  <show id="kb:TipoDoc"/>
               </field-visibility>
               <appearance>
                  <set appearance="whitespace" id="kb:Documento_cmm_set0"/>
                  <field id="cm:created" set="kb:Documento_cmm_set0">
                  </field>
                  <field id="cm:name" set="kb:Documento_cmm_set0">
                  </field>
                  <field id="kb:TipoDoc" set="kb:Documento_cmm_set0">
                  </field>
               </appearance>
            </form>
            
            <!-- Document Library pop-up Edit Metadata form -->
            <form id="doclib-simple-metadata">
               <edit-form template="../documentlibrary/forms/doclib-simple-metadata.ftl"/>
               <field-visibility>
                  <show id="cm:name"/>
                  <show for-mode="view" id="cm:created"/>
                  <show id="kb:TipoDoc"/>
               </field-visibility>
               <appearance>
                  <set appearance="whitespace" id="kb:Documento_cmm_set0"/>
                  <field id="cm:created" set="kb:Documento_cmm_set0">
                  </field>
                  <field id="cm:name" set="kb:Documento_cmm_set0">
                  </field>
                  <field id="kb:TipoDoc" set="kb:Documento_cmm_set0">
                  </field>
               </appearance>
            </form>
            
            <!-- Document Library Inline Edit form -->
            <form id="doclib-inline-edit">
               <field-visibility>
                  <show id="cm:name"/>
                  <show force="true" id="cm:content"/>
                  <show force="true" id="cm:title"/>
                  <show force="true" id="cm:description"/>
               </field-visibility>
               <appearance>
                  <field id="cm:name">
                    <control>
                       <control-param name="maxLength">255</control-param>
                    </control>
                  </field>
                  <field id="cm:title">
                     <control template="/org/alfresco/components/form/controls/textfield.ftl"/>
                  </field>
                  <field id="cm:content" label-id="">
                     <control>
                        <control-param name="editorAppearance">explorer</control-param>
                        <control-param name="forceEditor">true</control-param>
                     </control>
                  </field>
               </appearance>
            </form>
         </forms>
      </config>
      
      <!-- Form configuration section - aspect -->
      <config condition="kb:plano" evaluator="aspect">
         <forms>
            <form>
               <field-visibility>
                  <show id="kb:tipo"/>
               </field-visibility>
               <appearance>
                  <set appearance="whitespace" id="kb:plano_cmm_set0"/>
                  <field id="kb:tipo" set="kb:plano_cmm_set0">
                  </field>
               </appearance>
            </form>
         </forms>
      </config>
      
      <!-- Entity form designer configuration -->
      <config condition="FormDefinition" evaluator="string-compare">
         <form-definition id="plano">[{"elementconfig":{"label":"","appearance":"bordered-panel"},"pseudonym":"cmm/editor/layout/1cols","label":"cmm.form-editor.palette.one-column","type":["layout"],"column":[{"pseudonym":"cmm/editor/property/text","id":"kb:tipo","elementconfig":{"infoname":"tipo","infolabel":"tipoDoc","infotype":"d:text"},"label":"tipoDoc [tipo]","type":["property"]}]}]</form-definition>
         <form-definition id="Documento">[{"elementconfig":{"label":"","appearance":"bordered-panel"},"pseudonym":"cmm/editor/layout/1cols","label":"cmm.form-editor.palette.one-column","type":["layout"],"column":[{"pseudonym":"cmm/editor/property/text","id":"cm:name","elementconfig":{"infoname":"cm:name","infolabel":"Nombre","infotype":"d:text"},"label":"Nombre [cm:name]","type":["property"]},{"pseudonym":"cmm/editor/property/datetime","id":"cm:created","elementconfig":{"infoname":"cm:created","infolabel":"Fecha de creación","infotype":"d:datetime","for-mode":"view"},"label":"Fecha de creación [cm:created]","type":["property"]},{"pseudonym":"cmm/editor/property/text","id":"kb:TipoDoc","elementconfig":{"infoname":"TipoDoc","infolabel":"tipo","infotype":"d:text"},"label":"tipo [TipoDoc]","type":["property"]}]}]</form-definition>
      </config>

   </configurations>
</module>
