<?xml version="1.0" encoding="UTF-8"?>
<model xmlns="http://www.alfresco.org/model/dictionary/1.0" name="kb:Documento">
    <author>Administrator</author>
    <imports>
        <import uri="http://www.alfresco.org/model/cmis/custom" prefix="cmiscustom"/>
        <import uri="http://www.alfresco.org/model/dictionary/1.0" prefix="d"/>
    </imports>
    <namespaces>
        <namespace uri="www.kubicobermejales.com.es/documents" prefix="kb"/>
    </namespaces>
    <data-types/>
    <constraints/>
    <types>
        <type name="kb:Documento">
            <parent>cmiscustom:document</parent>
            <properties>
                <property name="kb:TipoDoc">
                    <title>tipo</title>
                    <description>si es plano,presupuesto...</description>
                    <type>d:text</type>
                    <mandatory>true</mandatory>
                    <index enabled="true">
                        <tokenised>TRUE</tokenised>
                        <facetable>false</facetable>
                    </index>
                </property>
            </properties>
            <associations/>
            <overrides/>
            <mandatory-aspects/>
        </type>
    </types>
    <aspects>
        <aspect name="kb:plano">
            <properties>
                <property name="kb:tipo">
                    <title>tipoDoc</title>
                    <type>d:text</type>
                    <mandatory>false</mandatory>
                    <index enabled="true">
                        <tokenised>TRUE</tokenised>
                        <facetable>false</facetable>
                    </index>
                </property>
            </properties>
            <associations/>
            <overrides/>
            <mandatory-aspects/>
        </aspect>
    </aspects>
</model>